--TT_INSTITUTION
INSERT INTO TT_INSTITUTION (INST_ID, INST_FULLNAME, INST_NAME, INST_LR_INST_CODE, P_INST_ID, INST_TYPE, INST_STATUS, ONLINE_DATE, LINK_MAN, TELEPHONE, MOBILE, ADDRESS, B_INST_ID, INST_PINYINNAME, INST_PINYINABBREVIATIONS, INTERNATIONAL_PAYMENTS, PAYMENT_BANK, SETTLMENTNO, PAYMENT_BANKNO, MORNING_STARTTIME, MORNING_ENDTIME, AFTERNOON_STARTTIME, AFTERNOON_ENDTIME, SWIFTCODE, INST_SIMPLE_NAME, IS_FTA, VIRTUAL_PID, BUSINESS_UNIT, PRINT_INST_ID, BRANCH_ID) VALUES ('99999999', '徽商银行总行', '徽商银行总行', NULL, '-1', '0', '2', '2018-05-03', NULL, NULL, NULL, NULL, NULL, NULL, NULL, NULL, NULL, NULL, NULL, NULL, NULL, NULL, NULL, NULL, NULL, NULL, NULL, NULL, NULL, 'HFCBCNSH');
INSERT INTO TT_INSTITUTION (INST_ID, INST_FULLNAME, INST_NAME, INST_LR_INST_CODE, P_INST_ID, INST_TYPE, INST_STATUS, ONLINE_DATE, LINK_MAN, TELEPHONE, MOBILE, ADDRESS, B_INST_ID, INST_PINYINNAME, INST_PINYINABBREVIATIONS, INTERNATIONAL_PAYMENTS, PAYMENT_BANK, SETTLMENTNO, PAYMENT_BANKNO, MORNING_STARTTIME, MORNING_ENDTIME, AFTERNOON_STARTTIME, AFTERNOON_ENDTIME, SWIFTCODE, INST_SIMPLE_NAME, IS_FTA, VIRTUAL_PID, BUSINESS_UNIT, PRINT_INST_ID, BRANCH_ID) VALUES ('99993102', '徽商银行金融市场部', '徽商银行金融市场部', NULL, '99999999', '9', '2', '2018-05-03', NULL, NULL, NULL, NULL, NULL, NULL, NULL, NULL, NULL, NULL, NULL, NULL, NULL, NULL, NULL, NULL, NULL, NULL, NULL, NULL, NULL, 'HFCBCNSH');
INSERT INTO TT_INSTITUTION (INST_ID, INST_FULLNAME, INST_NAME, INST_LR_INST_CODE, P_INST_ID, INST_TYPE, INST_STATUS, ONLINE_DATE, LINK_MAN, TELEPHONE, MOBILE, ADDRESS, B_INST_ID, INST_PINYINNAME, INST_PINYINABBREVIATIONS, INTERNATIONAL_PAYMENTS, PAYMENT_BANK, SETTLMENTNO, PAYMENT_BANKNO, MORNING_STARTTIME, MORNING_ENDTIME, AFTERNOON_STARTTIME, AFTERNOON_ENDTIME, SWIFTCODE, INST_SIMPLE_NAME, IS_FTA, VIRTUAL_PID, BUSINESS_UNIT, PRINT_INST_ID, BRANCH_ID) VALUES ('99993122', '徽商银行资产负债管理部', '徽商银行资产负债管理部', NULL, '99999999', '9', '2', '2018-05-03', NULL, NULL, NULL, NULL, NULL, NULL, NULL, NULL, NULL, NULL, NULL, NULL, NULL, NULL, NULL, NULL, NULL, NULL, NULL, NULL, NULL, 'HFCBCNSH');
INSERT INTO TT_INSTITUTION (INST_ID, INST_FULLNAME, INST_NAME, INST_LR_INST_CODE, P_INST_ID, INST_TYPE, INST_STATUS, ONLINE_DATE, LINK_MAN, TELEPHONE, MOBILE, ADDRESS, B_INST_ID, INST_PINYINNAME, INST_PINYINABBREVIATIONS, INTERNATIONAL_PAYMENTS, PAYMENT_BANK, SETTLMENTNO, PAYMENT_BANKNO, MORNING_STARTTIME, MORNING_ENDTIME, AFTERNOON_STARTTIME, AFTERNOON_ENDTIME, SWIFTCODE, INST_SIMPLE_NAME, IS_FTA, VIRTUAL_PID, BUSINESS_UNIT, PRINT_INST_ID, BRANCH_ID) VALUES ('99990008', '徽商银行国际业务部', '徽商银行国际业务部', NULL, '99999999', '9', '2', '2018-05-03', NULL, NULL, NULL, NULL, NULL, NULL, NULL, NULL, NULL, NULL, NULL, NULL, NULL, NULL, NULL, NULL, NULL, NULL, NULL, NULL, NULL, 'HFCBCNSH');
INSERT INTO TT_INSTITUTION (INST_ID, INST_FULLNAME, INST_NAME, INST_LR_INST_CODE, P_INST_ID, INST_TYPE, INST_STATUS, ONLINE_DATE, LINK_MAN, TELEPHONE, MOBILE, ADDRESS, B_INST_ID, INST_PINYINNAME, INST_PINYINABBREVIATIONS, INTERNATIONAL_PAYMENTS, PAYMENT_BANK, SETTLMENTNO, PAYMENT_BANKNO, MORNING_STARTTIME, MORNING_ENDTIME, AFTERNOON_STARTTIME, AFTERNOON_ENDTIME, SWIFTCODE, INST_SIMPLE_NAME, IS_FTA, VIRTUAL_PID, BUSINESS_UNIT, PRINT_INST_ID, BRANCH_ID) VALUES ('00000000', '徽商银行风险管理部', '徽商银行风险管理部', NULL, '99999999', '9', '2', '2018-05-03', NULL, NULL, NULL, NULL, NULL, NULL, NULL, NULL, NULL, NULL, NULL, NULL, NULL, NULL, NULL, NULL, NULL, NULL, NULL, NULL, NULL, 'HFCBCNSH');
INSERT INTO TT_INSTITUTION (INST_ID, INST_FULLNAME, INST_NAME, INST_LR_INST_CODE, P_INST_ID, INST_TYPE, INST_STATUS, ONLINE_DATE, LINK_MAN, TELEPHONE, MOBILE, ADDRESS, B_INST_ID, INST_PINYINNAME, INST_PINYINABBREVIATIONS, INTERNATIONAL_PAYMENTS, PAYMENT_BANK, SETTLMENTNO, PAYMENT_BANKNO, MORNING_STARTTIME, MORNING_ENDTIME, AFTERNOON_STARTTIME, AFTERNOON_ENDTIME, SWIFTCODE, INST_SIMPLE_NAME, IS_FTA, VIRTUAL_PID, BUSINESS_UNIT, PRINT_INST_ID, BRANCH_ID) VALUES ('99990001', '徽商银行运营管理部', '徽商银行运营管理部', NULL, '99999999', '9', '2', '2018-05-03', NULL, NULL, NULL, NULL, NULL, NULL, NULL, NULL, NULL, NULL, NULL, NULL, NULL, NULL, NULL, NULL, NULL, NULL, NULL, NULL, NULL, 'HFCBCNSH');
INSERT INTO TT_INSTITUTION (INST_ID, INST_FULLNAME, INST_NAME, INST_LR_INST_CODE, P_INST_ID, INST_TYPE, INST_STATUS, ONLINE_DATE, LINK_MAN, TELEPHONE, MOBILE, ADDRESS, B_INST_ID, INST_PINYINNAME, INST_PINYINABBREVIATIONS, INTERNATIONAL_PAYMENTS, PAYMENT_BANK, SETTLMENTNO, PAYMENT_BANKNO, MORNING_STARTTIME, MORNING_ENDTIME, AFTERNOON_STARTTIME, AFTERNOON_ENDTIME, SWIFTCODE, INST_SIMPLE_NAME, IS_FTA, VIRTUAL_PID, BUSINESS_UNIT, PRINT_INST_ID, BRANCH_ID) VALUES ('99990010', '徽商银行信息科技部', '徽商银行信息科技部', NULL, '99999999', '9', '2', '2018-05-03', NULL, NULL, NULL, NULL, NULL, NULL, NULL, NULL, NULL, NULL, NULL, NULL, NULL, NULL, NULL, NULL, NULL, NULL, NULL, NULL, NULL, 'HFCBCNSH');
--TA_USER
INSERT INTO TA_USER (USER_ID, USER_NAME, USER_PWD, IS_ACTIVE, USER_CREATETIME, USER_STOPTIME, USER_PWDCHGTIME, USER_MEMO, USER_EMAIL, USER_FIXEDPHONE, USER_CELLPHONE, INST_ID, USER_FLAG, USER_LOGONTYPE, IS_ONLINE, LATEST_IP, LATEST_LOGIN_TIME, LATEST_TIME, EMP_ID, USER_PWDEXPTIME, USER_PWDEXPDATE, USER_IMAGE, FTA_INST_ID, IS_INTERBANK, OPRATOR_TYPE, APPROVE_STATUS, SUBMIT_USER_ID, SUBMIT_INST_ID, APPROVE_USER_ID, APPROVE_INST_ID, APPROVE_DATE, VERSION_CODE, IS_ACCESS, BRANCH_ID) VALUES ('singlee', '超级管理员', 'E10ADC3949BA59ABBE56E057F20F883E', '1', NULL, NULL, NULL, NULL, 'singlee@singlee.com.cn', '0571-88480666', '无', '99999999', NULL, '0', NULL, NULL, NULL, NULL, NULL, NULL, NULL, NULL, NULL, '0', NULL, NULL, NULL, NULL, NULL, NULL, NULL, NULL, '1', 'HFCBCNSH');
INSERT INTO TA_USER (USER_ID, USER_NAME, USER_PWD, IS_ACTIVE, USER_CREATETIME, USER_STOPTIME, USER_PWDCHGTIME, USER_MEMO, USER_EMAIL, USER_FIXEDPHONE, USER_CELLPHONE, INST_ID, USER_FLAG, USER_LOGONTYPE, IS_ONLINE, LATEST_IP, LATEST_LOGIN_TIME, LATEST_TIME, EMP_ID, USER_PWDEXPTIME, USER_PWDEXPDATE, USER_IMAGE, FTA_INST_ID, IS_INTERBANK, OPRATOR_TYPE, APPROVE_STATUS, SUBMIT_USER_ID, SUBMIT_INST_ID, APPROVE_USER_ID, APPROVE_INST_ID, APPROVE_DATE, VERSION_CODE, IS_ACCESS, BRANCH_ID) VALUES ('HJ1', 'HUJUN', 'E10ADC3949BA59ABBE56E057F20F883E', '1', '2018-04-19 14:23:22', NULL, NULL, '无', NULL, NULL, NULL, '99993102', NULL, NULL, NULL, NULL, NULL, NULL, '12', NULL, NULL, NULL, NULL, NULL, '1', '3', 'admin', '99999999', NULL, NULL, NULL, NULL, '1', 'HFCBCNSH');
INSERT INTO TA_USER (USER_ID, USER_NAME, USER_PWD, IS_ACTIVE, USER_CREATETIME, USER_STOPTIME, USER_PWDCHGTIME, USER_MEMO, USER_EMAIL, USER_FIXEDPHONE, USER_CELLPHONE, INST_ID, USER_FLAG, USER_LOGONTYPE, IS_ONLINE, LATEST_IP, LATEST_LOGIN_TIME, LATEST_TIME, EMP_ID, USER_PWDEXPTIME, USER_PWDEXPDATE, USER_IMAGE, FTA_INST_ID, IS_INTERBANK, OPRATOR_TYPE, APPROVE_STATUS, SUBMIT_USER_ID, SUBMIT_INST_ID, APPROVE_USER_ID, APPROVE_INST_ID, APPROVE_DATE, VERSION_CODE, IS_ACCESS, BRANCH_ID) VALUES ('DXX', 'DINGXIXIANG', 'E10ADC3949BA59ABBE56E057F20F883E', '1', '2018-04-19 14:24:16', NULL, NULL, '无', NULL, NULL, NULL, '99993102', NULL, NULL, NULL, NULL, NULL, NULL, '13', NULL, NULL, NULL, NULL, NULL, '1', '3', 'admin', '99999999', NULL, NULL, NULL, NULL, '1', 'HFCBCNSH');
INSERT INTO TA_USER (USER_ID, USER_NAME, USER_PWD, IS_ACTIVE, USER_CREATETIME, USER_STOPTIME, USER_PWDCHGTIME, USER_MEMO, USER_EMAIL, USER_FIXEDPHONE, USER_CELLPHONE, INST_ID, USER_FLAG, USER_LOGONTYPE, IS_ONLINE, LATEST_IP, LATEST_LOGIN_TIME, LATEST_TIME, EMP_ID, USER_PWDEXPTIME, USER_PWDEXPDATE, USER_IMAGE, FTA_INST_ID, IS_INTERBANK, OPRATOR_TYPE, APPROVE_STATUS, SUBMIT_USER_ID, SUBMIT_INST_ID, APPROVE_USER_ID, APPROVE_INST_ID, APPROVE_DATE, VERSION_CODE, IS_ACCESS, BRANCH_ID) VALUES ('admin', '超级管理员', 'E10ADC3949BA59ABBE56E057F20F883E', '1', NULL, NULL, NULL, NULL, 'admin@123.com', '532-83939072', '13864846959', '99999999', NULL, '0', NULL, NULL, NULL, NULL, NULL, NULL, NULL, :USER_IMAGE, NULL, '0', NULL, NULL, NULL, NULL, NULL, NULL, NULL, NULL, '1', 'HFCBCNSH');
INSERT INTO TA_USER (USER_ID, USER_NAME, USER_PWD, IS_ACTIVE, USER_CREATETIME, USER_STOPTIME, USER_PWDCHGTIME, USER_MEMO, USER_EMAIL, USER_FIXEDPHONE, USER_CELLPHONE, INST_ID, USER_FLAG, USER_LOGONTYPE, IS_ONLINE, LATEST_IP, LATEST_LOGIN_TIME, LATEST_TIME, EMP_ID, USER_PWDEXPTIME, USER_PWDEXPDATE, USER_IMAGE, FTA_INST_ID, IS_INTERBANK, OPRATOR_TYPE, APPROVE_STATUS, SUBMIT_USER_ID, SUBMIT_INST_ID, APPROVE_USER_ID, APPROVE_INST_ID, APPROVE_DATE, VERSION_CODE, IS_ACCESS, BRANCH_ID) VALUES ('PHQ', 'PANGHAIQIAO', 'E10ADC3949BA59ABBE56E057F20F883E', '1', '2018-04-04 11:26:12', NULL, NULL, 'PANGHAIQIAO', NULL, NULL, NULL, '99993102', NULL, '0', NULL, NULL, NULL, NULL, 'PHQ', NULL, NULL, NULL, NULL, NULL, '1', '3', 'admin', '99999999', NULL, NULL, NULL, NULL, '1', 'HFCBCNSH');
INSERT INTO TA_USER (USER_ID, USER_NAME, USER_PWD, IS_ACTIVE, USER_CREATETIME, USER_STOPTIME, USER_PWDCHGTIME, USER_MEMO, USER_EMAIL, USER_FIXEDPHONE, USER_CELLPHONE, INST_ID, USER_FLAG, USER_LOGONTYPE, IS_ONLINE, LATEST_IP, LATEST_LOGIN_TIME, LATEST_TIME, EMP_ID, USER_PWDEXPTIME, USER_PWDEXPDATE, USER_IMAGE, FTA_INST_ID, IS_INTERBANK, OPRATOR_TYPE, APPROVE_STATUS, SUBMIT_USER_ID, SUBMIT_INST_ID, APPROVE_USER_ID, APPROVE_INST_ID, APPROVE_DATE, VERSION_CODE, IS_ACCESS, BRANCH_ID) VALUES ('CFY', 'CHENFAYU', 'E10ADC3949BA59ABBE56E057F20F883E', '1', '2018-04-19 14:25:24', NULL, NULL, '无', NULL, NULL, NULL, '99993102', NULL, NULL, NULL, NULL, NULL, NULL, '14', NULL, NULL, NULL, NULL, NULL, '1', '3', 'admin', '99999999', NULL, NULL, NULL, NULL, '1', 'HFCBCNSH');
INSERT INTO TA_USER (USER_ID, USER_NAME, USER_PWD, IS_ACTIVE, USER_CREATETIME, USER_STOPTIME, USER_PWDCHGTIME, USER_MEMO, USER_EMAIL, USER_FIXEDPHONE, USER_CELLPHONE, INST_ID, USER_FLAG, USER_LOGONTYPE, IS_ONLINE, LATEST_IP, LATEST_LOGIN_TIME, LATEST_TIME, EMP_ID, USER_PWDEXPTIME, USER_PWDEXPDATE, USER_IMAGE, FTA_INST_ID, IS_INTERBANK, OPRATOR_TYPE, APPROVE_STATUS, SUBMIT_USER_ID, SUBMIT_INST_ID, APPROVE_USER_ID, APPROVE_INST_ID, APPROVE_DATE, VERSION_CODE, IS_ACCESS, BRANCH_ID) VALUES ('LQQ', 'LIQIANQIAN', 'E10ADC3949BA59ABBE56E057F20F883E', '1', '2018-04-19 14:09:00', NULL, NULL, '123', NULL, NULL, NULL, '99993102', NULL, NULL, NULL, NULL, NULL, NULL, '2', NULL, NULL, NULL, NULL, NULL, '1', '3', 'admin', '99999999', NULL, NULL, NULL, NULL, '1', 'HFCBCNSH');
INSERT INTO TA_USER (USER_ID, USER_NAME, USER_PWD, IS_ACTIVE, USER_CREATETIME, USER_STOPTIME, USER_PWDCHGTIME, USER_MEMO, USER_EMAIL, USER_FIXEDPHONE, USER_CELLPHONE, INST_ID, USER_FLAG, USER_LOGONTYPE, IS_ONLINE, LATEST_IP, LATEST_LOGIN_TIME, LATEST_TIME, EMP_ID, USER_PWDEXPTIME, USER_PWDEXPDATE, USER_IMAGE, FTA_INST_ID, IS_INTERBANK, OPRATOR_TYPE, APPROVE_STATUS, SUBMIT_USER_ID, SUBMIT_INST_ID, APPROVE_USER_ID, APPROVE_INST_ID, APPROVE_DATE, VERSION_CODE, IS_ACCESS, BRANCH_ID) VALUES ('JDL', 'JIANGDELI', 'E10ADC3949BA59ABBE56E057F20F883E', '1', '2018-04-19 14:11:33', NULL, NULL, '无', NULL, NULL, NULL, '99993102', NULL, NULL, NULL, NULL, NULL, NULL, '3', NULL, NULL, NULL, NULL, NULL, '1', '3', 'admin', '99999999', NULL, NULL, NULL, NULL, '1', 'HFCBCNSH');
INSERT INTO TA_USER (USER_ID, USER_NAME, USER_PWD, IS_ACTIVE, USER_CREATETIME, USER_STOPTIME, USER_PWDCHGTIME, USER_MEMO, USER_EMAIL, USER_FIXEDPHONE, USER_CELLPHONE, INST_ID, USER_FLAG, USER_LOGONTYPE, IS_ONLINE, LATEST_IP, LATEST_LOGIN_TIME, LATEST_TIME, EMP_ID, USER_PWDEXPTIME, USER_PWDEXPDATE, USER_IMAGE, FTA_INST_ID, IS_INTERBANK, OPRATOR_TYPE, APPROVE_STATUS, SUBMIT_USER_ID, SUBMIT_INST_ID, APPROVE_USER_ID, APPROVE_INST_ID, APPROVE_DATE, VERSION_CODE, IS_ACCESS, BRANCH_ID) VALUES ('WY', 'WEIYU', 'E10ADC3949BA59ABBE56E057F20F883E', '1', '2018-04-19 14:12:11', NULL, NULL, '无', NULL, NULL, NULL, '99993102', NULL, NULL, NULL, NULL, NULL, NULL, '4', NULL, NULL, NULL, NULL, NULL, '1', '3', 'admin', '99999999', NULL, NULL, NULL, NULL, '1', 'HFCBCNSH');
INSERT INTO TA_USER (USER_ID, USER_NAME, USER_PWD, IS_ACTIVE, USER_CREATETIME, USER_STOPTIME, USER_PWDCHGTIME, USER_MEMO, USER_EMAIL, USER_FIXEDPHONE, USER_CELLPHONE, INST_ID, USER_FLAG, USER_LOGONTYPE, IS_ONLINE, LATEST_IP, LATEST_LOGIN_TIME, LATEST_TIME, EMP_ID, USER_PWDEXPTIME, USER_PWDEXPDATE, USER_IMAGE, FTA_INST_ID, IS_INTERBANK, OPRATOR_TYPE, APPROVE_STATUS, SUBMIT_USER_ID, SUBMIT_INST_ID, APPROVE_USER_ID, APPROVE_INST_ID, APPROVE_DATE, VERSION_CODE, IS_ACCESS, BRANCH_ID) VALUES ('LQ', 'LIQING', 'E10ADC3949BA59ABBE56E057F20F883E', '1', '2018-04-19 14:12:41', NULL, NULL, '无', NULL, NULL, NULL, '99993102', NULL, NULL, NULL, NULL, NULL, NULL, '5', NULL, NULL, NULL, NULL, NULL, '1', '3', 'admin', '99999999', NULL, NULL, NULL, NULL, '1', 'HFCBCNSH');
INSERT INTO TA_USER (USER_ID, USER_NAME, USER_PWD, IS_ACTIVE, USER_CREATETIME, USER_STOPTIME, USER_PWDCHGTIME, USER_MEMO, USER_EMAIL, USER_FIXEDPHONE, USER_CELLPHONE, INST_ID, USER_FLAG, USER_LOGONTYPE, IS_ONLINE, LATEST_IP, LATEST_LOGIN_TIME, LATEST_TIME, EMP_ID, USER_PWDEXPTIME, USER_PWDEXPDATE, USER_IMAGE, FTA_INST_ID, IS_INTERBANK, OPRATOR_TYPE, APPROVE_STATUS, SUBMIT_USER_ID, SUBMIT_INST_ID, APPROVE_USER_ID, APPROVE_INST_ID, APPROVE_DATE, VERSION_CODE, IS_ACCESS, BRANCH_ID) VALUES ('HY', 'HONGYE', 'E10ADC3949BA59ABBE56E057F20F883E', '1', '2018-04-19 14:13:14', NULL, NULL, '无', NULL, NULL, NULL, '99993102', NULL, NULL, NULL, NULL, NULL, NULL, '6', NULL, NULL, NULL, NULL, NULL, '1', '3', 'admin', '99999999', NULL, NULL, NULL, NULL, '1', 'HFCBCNSH');
INSERT INTO TA_USER (USER_ID, USER_NAME, USER_PWD, IS_ACTIVE, USER_CREATETIME, USER_STOPTIME, USER_PWDCHGTIME, USER_MEMO, USER_EMAIL, USER_FIXEDPHONE, USER_CELLPHONE, INST_ID, USER_FLAG, USER_LOGONTYPE, IS_ONLINE, LATEST_IP, LATEST_LOGIN_TIME, LATEST_TIME, EMP_ID, USER_PWDEXPTIME, USER_PWDEXPDATE, USER_IMAGE, FTA_INST_ID, IS_INTERBANK, OPRATOR_TYPE, APPROVE_STATUS, SUBMIT_USER_ID, SUBMIT_INST_ID, APPROVE_USER_ID, APPROVE_INST_ID, APPROVE_DATE, VERSION_CODE, IS_ACCESS, BRANCH_ID) VALUES ('DCG', 'DENGCHENGUO', 'E10ADC3949BA59ABBE56E057F20F883E', '1', '2018-04-19 14:13:59', NULL, NULL, '无', NULL, NULL, NULL, '99993102', NULL, NULL, NULL, NULL, NULL, NULL, '7', NULL, NULL, NULL, NULL, NULL, '1', '3', 'admin', '99999999', NULL, NULL, NULL, NULL, '1', 'HFCBCNSH');
INSERT INTO TA_USER (USER_ID, USER_NAME, USER_PWD, IS_ACTIVE, USER_CREATETIME, USER_STOPTIME, USER_PWDCHGTIME, USER_MEMO, USER_EMAIL, USER_FIXEDPHONE, USER_CELLPHONE, INST_ID, USER_FLAG, USER_LOGONTYPE, IS_ONLINE, LATEST_IP, LATEST_LOGIN_TIME, LATEST_TIME, EMP_ID, USER_PWDEXPTIME, USER_PWDEXPDATE, USER_IMAGE, FTA_INST_ID, IS_INTERBANK, OPRATOR_TYPE, APPROVE_STATUS, SUBMIT_USER_ID, SUBMIT_INST_ID, APPROVE_USER_ID, APPROVE_INST_ID, APPROVE_DATE, VERSION_CODE, IS_ACCESS, BRANCH_ID) VALUES ('ZXX', 'ZHOUXING', 'E10ADC3949BA59ABBE56E057F20F883E', '1', '2018-04-19 14:15:36', NULL, NULL, '无', NULL, NULL, NULL, '99993102', NULL, NULL, NULL, NULL, NULL, NULL, '8', NULL, NULL, NULL, NULL, NULL, '1', '3', 'admin', '99999999', NULL, NULL, NULL, NULL, '1', 'HFCBCNSH');
INSERT INTO TA_USER (USER_ID, USER_NAME, USER_PWD, IS_ACTIVE, USER_CREATETIME, USER_STOPTIME, USER_PWDCHGTIME, USER_MEMO, USER_EMAIL, USER_FIXEDPHONE, USER_CELLPHONE, INST_ID, USER_FLAG, USER_LOGONTYPE, IS_ONLINE, LATEST_IP, LATEST_LOGIN_TIME, LATEST_TIME, EMP_ID, USER_PWDEXPTIME, USER_PWDEXPDATE, USER_IMAGE, FTA_INST_ID, IS_INTERBANK, OPRATOR_TYPE, APPROVE_STATUS, SUBMIT_USER_ID, SUBMIT_INST_ID, APPROVE_USER_ID, APPROVE_INST_ID, APPROVE_DATE, VERSION_CODE, IS_ACCESS, BRANCH_ID) VALUES ('ZL', 'ZHAOLIN', 'E10ADC3949BA59ABBE56E057F20F883E', '1', '2018-04-19 14:16:05', NULL, NULL, '无', NULL, NULL, NULL, '99993101', NULL, NULL, NULL, NULL, NULL, NULL, '9', NULL, NULL, NULL, NULL, NULL, '1', '3', 'admin', '99999999', NULL, NULL, NULL, NULL, '1', 'HFCBCNSH');
INSERT INTO TA_USER (USER_ID, USER_NAME, USER_PWD, IS_ACTIVE, USER_CREATETIME, USER_STOPTIME, USER_PWDCHGTIME, USER_MEMO, USER_EMAIL, USER_FIXEDPHONE, USER_CELLPHONE, INST_ID, USER_FLAG, USER_LOGONTYPE, IS_ONLINE, LATEST_IP, LATEST_LOGIN_TIME, LATEST_TIME, EMP_ID, USER_PWDEXPTIME, USER_PWDEXPDATE, USER_IMAGE, FTA_INST_ID, IS_INTERBANK, OPRATOR_TYPE, APPROVE_STATUS, SUBMIT_USER_ID, SUBMIT_INST_ID, APPROVE_USER_ID, APPROVE_INST_ID, APPROVE_DATE, VERSION_CODE, IS_ACCESS, BRANCH_ID) VALUES ('ZR', 'ZHENGRAN', 'E10ADC3949BA59ABBE56E057F20F883E', '1', '2018-04-19 14:16:33', NULL, NULL, '无', NULL, NULL, NULL, '99993102', NULL, NULL, NULL, NULL, NULL, NULL, '10', NULL, NULL, NULL, NULL, NULL, '1', '3', 'admin', '99999999', NULL, NULL, NULL, NULL, '1', 'HFCBCNSH');
INSERT INTO TA_USER (USER_ID, USER_NAME, USER_PWD, IS_ACTIVE, USER_CREATETIME, USER_STOPTIME, USER_PWDCHGTIME, USER_MEMO, USER_EMAIL, USER_FIXEDPHONE, USER_CELLPHONE, INST_ID, USER_FLAG, USER_LOGONTYPE, IS_ONLINE, LATEST_IP, LATEST_LOGIN_TIME, LATEST_TIME, EMP_ID, USER_PWDEXPTIME, USER_PWDEXPDATE, USER_IMAGE, FTA_INST_ID, IS_INTERBANK, OPRATOR_TYPE, APPROVE_STATUS, SUBMIT_USER_ID, SUBMIT_INST_ID, APPROVE_USER_ID, APPROVE_INST_ID, APPROVE_DATE, VERSION_CODE, IS_ACCESS, BRANCH_ID) VALUES ('ZRC', 'ZHANGRUCHEN', 'E10ADC3949BA59ABBE56E057F20F883E', '1', '2018-04-19 15:05:50', NULL, NULL, '无', NULL, NULL, NULL, '99993122', NULL, NULL, NULL, NULL, NULL, NULL, '16', NULL, NULL, NULL, NULL, NULL, '1', '3', 'admin', '99999999', NULL, NULL, NULL, NULL, '1', 'HFCBCNSH');
INSERT INTO TA_USER (USER_ID, USER_NAME, USER_PWD, IS_ACTIVE, USER_CREATETIME, USER_STOPTIME, USER_PWDCHGTIME, USER_MEMO, USER_EMAIL, USER_FIXEDPHONE, USER_CELLPHONE, INST_ID, USER_FLAG, USER_LOGONTYPE, IS_ONLINE, LATEST_IP, LATEST_LOGIN_TIME, LATEST_TIME, EMP_ID, USER_PWDEXPTIME, USER_PWDEXPDATE, USER_IMAGE, FTA_INST_ID, IS_INTERBANK, OPRATOR_TYPE, APPROVE_STATUS, SUBMIT_USER_ID, SUBMIT_INST_ID, APPROVE_USER_ID, APPROVE_INST_ID, APPROVE_DATE, VERSION_CODE, IS_ACCESS, BRANCH_ID) VALUES ('HC', 'HONGCHU', 'E10ADC3949BA59ABBE56E057F20F883E', '1', '2018-04-19 14:28:41', NULL, NULL, '无', NULL, NULL, NULL, '99993102', NULL, NULL, NULL, NULL, NULL, NULL, '15', NULL, NULL, NULL, NULL, NULL, '1', '3', 'admin', '99999999', NULL, NULL, NULL, NULL, '1', 'HFCBCNSH');
INSERT INTO TA_USER (USER_ID, USER_NAME, USER_PWD, IS_ACTIVE, USER_CREATETIME, USER_STOPTIME, USER_PWDCHGTIME, USER_MEMO, USER_EMAIL, USER_FIXEDPHONE, USER_CELLPHONE, INST_ID, USER_FLAG, USER_LOGONTYPE, IS_ONLINE, LATEST_IP, LATEST_LOGIN_TIME, LATEST_TIME, EMP_ID, USER_PWDEXPTIME, USER_PWDEXPDATE, USER_IMAGE, FTA_INST_ID, IS_INTERBANK, OPRATOR_TYPE, APPROVE_STATUS, SUBMIT_USER_ID, SUBMIT_INST_ID, APPROVE_USER_ID, APPROVE_INST_ID, APPROVE_DATE, VERSION_CODE, IS_ACCESS, BRANCH_ID) VALUES ('FXH', 'FUXIAOHAN', 'E10ADC3949BA59ABBE56E057F20F883E', '1', '2018-04-19 14:29:39', NULL, NULL, '无', NULL, NULL, NULL, '99993122', NULL, NULL, NULL, NULL, NULL, NULL, '17', NULL, NULL, NULL, NULL, NULL, '1', '3', 'admin', '99999999', NULL, NULL, NULL, NULL, '1', 'HFCBCNSH');
INSERT INTO TA_USER (USER_ID, USER_NAME, USER_PWD, IS_ACTIVE, USER_CREATETIME, USER_STOPTIME, USER_PWDCHGTIME, USER_MEMO, USER_EMAIL, USER_FIXEDPHONE, USER_CELLPHONE, INST_ID, USER_FLAG, USER_LOGONTYPE, IS_ONLINE, LATEST_IP, LATEST_LOGIN_TIME, LATEST_TIME, EMP_ID, USER_PWDEXPTIME, USER_PWDEXPDATE, USER_IMAGE, FTA_INST_ID, IS_INTERBANK, OPRATOR_TYPE, APPROVE_STATUS, SUBMIT_USER_ID, SUBMIT_INST_ID, APPROVE_USER_ID, APPROVE_INST_ID, APPROVE_DATE, VERSION_CODE, IS_ACCESS, BRANCH_ID) VALUES ('CJ', 'CHENJING', 'E10ADC3949BA59ABBE56E057F20F883E', '1', '2018-04-19 14:30:05', NULL, NULL, '无', NULL, NULL, NULL, '99993122', NULL, NULL, NULL, NULL, NULL, NULL, '18', NULL, NULL, NULL, NULL, NULL, '1', '3', 'admin', '99999999', NULL, NULL, NULL, NULL, '1', 'HFCBCNSH');
INSERT INTO TA_USER (USER_ID, USER_NAME, USER_PWD, IS_ACTIVE, USER_CREATETIME, USER_STOPTIME, USER_PWDCHGTIME, USER_MEMO, USER_EMAIL, USER_FIXEDPHONE, USER_CELLPHONE, INST_ID, USER_FLAG, USER_LOGONTYPE, IS_ONLINE, LATEST_IP, LATEST_LOGIN_TIME, LATEST_TIME, EMP_ID, USER_PWDEXPTIME, USER_PWDEXPDATE, USER_IMAGE, FTA_INST_ID, IS_INTERBANK, OPRATOR_TYPE, APPROVE_STATUS, SUBMIT_USER_ID, SUBMIT_INST_ID, APPROVE_USER_ID, APPROVE_INST_ID, APPROVE_DATE, VERSION_CODE, IS_ACCESS, BRANCH_ID) VALUES ('ZWJ', 'ZHUWENJUN', 'E10ADC3949BA59ABBE56E057F20F883E', '1', '2018-04-19 14:45:04', NULL, NULL, '无', NULL, NULL, NULL, '99993122', NULL, NULL, NULL, NULL, NULL, NULL, '19', NULL, NULL, NULL, NULL, NULL, '1', '3', 'admin', '99999999', NULL, NULL, NULL, NULL, '1', 'HFCBCNSH');
INSERT INTO TA_USER (USER_ID, USER_NAME, USER_PWD, IS_ACTIVE, USER_CREATETIME, USER_STOPTIME, USER_PWDCHGTIME, USER_MEMO, USER_EMAIL, USER_FIXEDPHONE, USER_CELLPHONE, INST_ID, USER_FLAG, USER_LOGONTYPE, IS_ONLINE, LATEST_IP, LATEST_LOGIN_TIME, LATEST_TIME, EMP_ID, USER_PWDEXPTIME, USER_PWDEXPDATE, USER_IMAGE, FTA_INST_ID, IS_INTERBANK, OPRATOR_TYPE, APPROVE_STATUS, SUBMIT_USER_ID, SUBMIT_INST_ID, APPROVE_USER_ID, APPROVE_INST_ID, APPROVE_DATE, VERSION_CODE, IS_ACCESS, BRANCH_ID) VALUES ('MH', 'MENGHAN', 'E10ADC3949BA59ABBE56E057F20F883E', '1', '2018-04-19 14:45:44', NULL, NULL, '无', NULL, NULL, NULL, '99990008', NULL, NULL, NULL, NULL, NULL, NULL, '20', NULL, NULL, NULL, NULL, NULL, '1', '3', 'admin', '99999999', NULL, NULL, NULL, NULL, '1', 'HFCBCNSH');
INSERT INTO TA_USER (USER_ID, USER_NAME, USER_PWD, IS_ACTIVE, USER_CREATETIME, USER_STOPTIME, USER_PWDCHGTIME, USER_MEMO, USER_EMAIL, USER_FIXEDPHONE, USER_CELLPHONE, INST_ID, USER_FLAG, USER_LOGONTYPE, IS_ONLINE, LATEST_IP, LATEST_LOGIN_TIME, LATEST_TIME, EMP_ID, USER_PWDEXPTIME, USER_PWDEXPDATE, USER_IMAGE, FTA_INST_ID, IS_INTERBANK, OPRATOR_TYPE, APPROVE_STATUS, SUBMIT_USER_ID, SUBMIT_INST_ID, APPROVE_USER_ID, APPROVE_INST_ID, APPROVE_DATE, VERSION_CODE, IS_ACCESS, BRANCH_ID) VALUES ('LFF', 'LFF', 'E10ADC3949BA59ABBE56E057F20F883E', '1', '2018-04-19 14:46:19', NULL, NULL, '无', NULL, NULL, NULL, '99990008', NULL, NULL, NULL, NULL, NULL, NULL, '21', NULL, NULL, NULL, NULL, NULL, '1', '3', 'admin', '99999999', NULL, NULL, NULL, NULL, '1', 'HFCBCNSH');
INSERT INTO TA_USER (USER_ID, USER_NAME, USER_PWD, IS_ACTIVE, USER_CREATETIME, USER_STOPTIME, USER_PWDCHGTIME, USER_MEMO, USER_EMAIL, USER_FIXEDPHONE, USER_CELLPHONE, INST_ID, USER_FLAG, USER_LOGONTYPE, IS_ONLINE, LATEST_IP, LATEST_LOGIN_TIME, LATEST_TIME, EMP_ID, USER_PWDEXPTIME, USER_PWDEXPDATE, USER_IMAGE, FTA_INST_ID, IS_INTERBANK, OPRATOR_TYPE, APPROVE_STATUS, SUBMIT_USER_ID, SUBMIT_INST_ID, APPROVE_USER_ID, APPROVE_INST_ID, APPROVE_DATE, VERSION_CODE, IS_ACCESS, BRANCH_ID) VALUES ('FF', 'FANGFANG', 'E10ADC3949BA59ABBE56E057F20F883E', '1', '2018-04-19 14:46:55', NULL, NULL, '无', NULL, NULL, NULL, '99990008', NULL, NULL, NULL, NULL, NULL, NULL, '22', NULL, NULL, NULL, NULL, NULL, '1', '3', 'admin', '99999999', NULL, NULL, NULL, NULL, '1', 'HFCBCNSH');
INSERT INTO TA_USER (USER_ID, USER_NAME, USER_PWD, IS_ACTIVE, USER_CREATETIME, USER_STOPTIME, USER_PWDCHGTIME, USER_MEMO, USER_EMAIL, USER_FIXEDPHONE, USER_CELLPHONE, INST_ID, USER_FLAG, USER_LOGONTYPE, IS_ONLINE, LATEST_IP, LATEST_LOGIN_TIME, LATEST_TIME, EMP_ID, USER_PWDEXPTIME, USER_PWDEXPDATE, USER_IMAGE, FTA_INST_ID, IS_INTERBANK, OPRATOR_TYPE, APPROVE_STATUS, SUBMIT_USER_ID, SUBMIT_INST_ID, APPROVE_USER_ID, APPROVE_INST_ID, APPROVE_DATE, VERSION_CODE, IS_ACCESS, BRANCH_ID) VALUES ('XQL', 'XUQIAOLIN', 'E10ADC3949BA59ABBE56E057F20F883E', '1', '2018-04-19 14:48:30', NULL, NULL, '无', NULL, NULL, NULL, '99990001', NULL, NULL, NULL, NULL, NULL, NULL, '23', NULL, NULL, NULL, NULL, NULL, '1', '3', 'admin', '99999999', NULL, NULL, NULL, NULL, '1', 'HFCBCNSH');
INSERT INTO TA_USER (USER_ID, USER_NAME, USER_PWD, IS_ACTIVE, USER_CREATETIME, USER_STOPTIME, USER_PWDCHGTIME, USER_MEMO, USER_EMAIL, USER_FIXEDPHONE, USER_CELLPHONE, INST_ID, USER_FLAG, USER_LOGONTYPE, IS_ONLINE, LATEST_IP, LATEST_LOGIN_TIME, LATEST_TIME, EMP_ID, USER_PWDEXPTIME, USER_PWDEXPDATE, USER_IMAGE, FTA_INST_ID, IS_INTERBANK, OPRATOR_TYPE, APPROVE_STATUS, SUBMIT_USER_ID, SUBMIT_INST_ID, APPROVE_USER_ID, APPROVE_INST_ID, APPROVE_DATE, VERSION_CODE, IS_ACCESS, BRANCH_ID) VALUES ('ZX', 'ZX1', 'E10ADC3949BA59ABBE56E057F20F883E', '1', '2018-04-19 14:49:06', NULL, NULL, '无', NULL, NULL, NULL, '99990001', NULL, NULL, NULL, NULL, NULL, NULL, '24', NULL, NULL, NULL, NULL, NULL, '1', '3', 'admin', '99999999', NULL, NULL, NULL, NULL, '1', 'HFCBCNSH');
INSERT INTO TA_USER (USER_ID, USER_NAME, USER_PWD, IS_ACTIVE, USER_CREATETIME, USER_STOPTIME, USER_PWDCHGTIME, USER_MEMO, USER_EMAIL, USER_FIXEDPHONE, USER_CELLPHONE, INST_ID, USER_FLAG, USER_LOGONTYPE, IS_ONLINE, LATEST_IP, LATEST_LOGIN_TIME, LATEST_TIME, EMP_ID, USER_PWDEXPTIME, USER_PWDEXPDATE, USER_IMAGE, FTA_INST_ID, IS_INTERBANK, OPRATOR_TYPE, APPROVE_STATUS, SUBMIT_USER_ID, SUBMIT_INST_ID, APPROVE_USER_ID, APPROVE_INST_ID, APPROVE_DATE, VERSION_CODE, IS_ACCESS, BRANCH_ID) VALUES ('LLQ', 'LIULIQUAN', 'E10ADC3949BA59ABBE56E057F20F883E', '1', '2018-04-19 14:49:42', NULL, NULL, '无', NULL, NULL, NULL, '99990001', NULL, NULL, NULL, NULL, NULL, NULL, '25', NULL, NULL, NULL, NULL, NULL, '1', '3', 'admin', '99999999', NULL, NULL, NULL, NULL, '1', 'HFCBCNSH');
INSERT INTO TA_USER (USER_ID, USER_NAME, USER_PWD, IS_ACTIVE, USER_CREATETIME, USER_STOPTIME, USER_PWDCHGTIME, USER_MEMO, USER_EMAIL, USER_FIXEDPHONE, USER_CELLPHONE, INST_ID, USER_FLAG, USER_LOGONTYPE, IS_ONLINE, LATEST_IP, LATEST_LOGIN_TIME, LATEST_TIME, EMP_ID, USER_PWDEXPTIME, USER_PWDEXPDATE, USER_IMAGE, FTA_INST_ID, IS_INTERBANK, OPRATOR_TYPE, APPROVE_STATUS, SUBMIT_USER_ID, SUBMIT_INST_ID, APPROVE_USER_ID, APPROVE_INST_ID, APPROVE_DATE, VERSION_CODE, IS_ACCESS, BRANCH_ID) VALUES ('SYS1', 'SYSTEM', 'E10ADC3949BA59ABBE56E057F20F883E', '1', '2018-04-19 14:51:37', NULL, NULL, '系统跑批专用', NULL, NULL, NULL, '99990010', NULL, NULL, NULL, NULL, NULL, NULL, '26', NULL, NULL, NULL, NULL, NULL, '1', '3', 'admin', '99999999', NULL, NULL, NULL, NULL, '1', 'HFCBCNSH');
INSERT INTO TA_USER (USER_ID, USER_NAME, USER_PWD, IS_ACTIVE, USER_CREATETIME, USER_STOPTIME, USER_PWDCHGTIME, USER_MEMO, USER_EMAIL, USER_FIXEDPHONE, USER_CELLPHONE, INST_ID, USER_FLAG, USER_LOGONTYPE, IS_ONLINE, LATEST_IP, LATEST_LOGIN_TIME, LATEST_TIME, EMP_ID, USER_PWDEXPTIME, USER_PWDEXPDATE, USER_IMAGE, FTA_INST_ID, IS_INTERBANK, OPRATOR_TYPE, APPROVE_STATUS, SUBMIT_USER_ID, SUBMIT_INST_ID, APPROVE_USER_ID, APPROVE_INST_ID, APPROVE_DATE, VERSION_CODE, IS_ACCESS, BRANCH_ID) VALUES ('ZOE', 'ZOE', 'E10ADC3949BA59ABBE56E057F20F883E', '1', '2018-04-19 15:03:20', NULL, NULL, '无', NULL, NULL, NULL, '99993102', NULL, NULL, NULL, NULL, NULL, NULL, '11', NULL, NULL, NULL, NULL, NULL, '1', '3', 'admin', '99999999', NULL, NULL, NULL, NULL, '1', 'HFCBCNSH');
--TA_ROLE
INSERT INTO TA_ROLE (ROLE_ID, ROLE_FLAG, ROLE_NAME, IS_ACTIVE, ROLE_MEMO, INST_TYPE, INST_ID, ROLE_LEVEL, OPRATOR_TYPE, APPROVE_STATUS, SUBMIT_USER_ID, SUBMIT_INST_ID, APPROVE_USER_ID, APPROVE_INST_ID, APPROVE_DATE, P_ROLE_ID, INDEX_PAGE, BRANCH_ID) VALUES ('HS0000001', '0', '超级管理员', '1', NULL, '0', NULL, NULL, NULL, NULL, NULL, NULL, NULL, NULL, NULL, NULL, NULL, 'HFCBCNSH');
INSERT INTO TA_ROLE (ROLE_ID, ROLE_FLAG, ROLE_NAME, IS_ACTIVE, ROLE_MEMO, INST_TYPE, INST_ID, ROLE_LEVEL, OPRATOR_TYPE, APPROVE_STATUS, SUBMIT_USER_ID, SUBMIT_INST_ID, APPROVE_USER_ID, APPROVE_INST_ID, APPROVE_DATE, P_ROLE_ID, INDEX_PAGE, BRANCH_ID) VALUES ('HS0000007', '0', '国际业务部经办', '1', '经办', NULL, '99990008', '2', NULL, NULL, NULL, NULL, NULL, NULL, NULL, NULL, 'index_approve.jsp', 'HFCBCNSH');
INSERT INTO TA_ROLE (ROLE_ID, ROLE_FLAG, ROLE_NAME, IS_ACTIVE, ROLE_MEMO, INST_TYPE, INST_ID, ROLE_LEVEL, OPRATOR_TYPE, APPROVE_STATUS, SUBMIT_USER_ID, SUBMIT_INST_ID, APPROVE_USER_ID, APPROVE_INST_ID, APPROVE_DATE, P_ROLE_ID, INDEX_PAGE, BRANCH_ID) VALUES ('HS0000008', '0', '国际业务部复核', '1', '复核', NULL, '99990008', '2', NULL, NULL, NULL, NULL, NULL, NULL, NULL, NULL, 'index_approve.jsp', 'HFCBCNSH');
INSERT INTO TA_ROLE (ROLE_ID, ROLE_FLAG, ROLE_NAME, IS_ACTIVE, ROLE_MEMO, INST_TYPE, INST_ID, ROLE_LEVEL, OPRATOR_TYPE, APPROVE_STATUS, SUBMIT_USER_ID, SUBMIT_INST_ID, APPROVE_USER_ID, APPROVE_INST_ID, APPROVE_DATE, P_ROLE_ID, INDEX_PAGE, BRANCH_ID) VALUES ('HS0000009', '1', '金融市场部经办', '1', '经办', NULL, '99993102', '2', NULL, NULL, NULL, NULL, NULL, NULL, NULL, NULL, 'index_approve.jsp', 'HFCBCNSH');
INSERT INTO TA_ROLE (ROLE_ID, ROLE_FLAG, ROLE_NAME, IS_ACTIVE, ROLE_MEMO, INST_TYPE, INST_ID, ROLE_LEVEL, OPRATOR_TYPE, APPROVE_STATUS, SUBMIT_USER_ID, SUBMIT_INST_ID, APPROVE_USER_ID, APPROVE_INST_ID, APPROVE_DATE, P_ROLE_ID, INDEX_PAGE, BRANCH_ID) VALUES ('HS0000010', '1', '金融市场部复核', '1', '复核', NULL, '99993102', '2', '1', '3', 'admin', '99999999', NULL, NULL, NULL, NULL, 'index_approve.jsp', 'HFCBCNSH');
INSERT INTO TA_ROLE (ROLE_ID, ROLE_FLAG, ROLE_NAME, IS_ACTIVE, ROLE_MEMO, INST_TYPE, INST_ID, ROLE_LEVEL, OPRATOR_TYPE, APPROVE_STATUS, SUBMIT_USER_ID, SUBMIT_INST_ID, APPROVE_USER_ID, APPROVE_INST_ID, APPROVE_DATE, P_ROLE_ID, INDEX_PAGE, BRANCH_ID) VALUES ('HS0000011', '1', '资产负债部经办', '1', '经办', NULL, '99993122', '2', '1', '3', 'admin', '99999999', NULL, NULL, NULL, NULL, 'index_approve.jsp', 'HFCBCNSH');
INSERT INTO TA_ROLE (ROLE_ID, ROLE_FLAG, ROLE_NAME, IS_ACTIVE, ROLE_MEMO, INST_TYPE, INST_ID, ROLE_LEVEL, OPRATOR_TYPE, APPROVE_STATUS, SUBMIT_USER_ID, SUBMIT_INST_ID, APPROVE_USER_ID, APPROVE_INST_ID, APPROVE_DATE, P_ROLE_ID, INDEX_PAGE, BRANCH_ID) VALUES ('HS0000012', '1', '资产负债部复核', '1', '复核', NULL, '99993122', '2', '1', '3', 'admin', '99999999', NULL, NULL, NULL, NULL, 'index_approve.jsp', 'HFCBCNSH');
INSERT INTO TA_ROLE (ROLE_ID, ROLE_FLAG, ROLE_NAME, IS_ACTIVE, ROLE_MEMO, INST_TYPE, INST_ID, ROLE_LEVEL, OPRATOR_TYPE, APPROVE_STATUS, SUBMIT_USER_ID, SUBMIT_INST_ID, APPROVE_USER_ID, APPROVE_INST_ID, APPROVE_DATE, P_ROLE_ID, INDEX_PAGE, BRANCH_ID) VALUES ('HS0000013', '0', '科技部-系统维护', '1', '系统维护，跑批', NULL, '99990010', '1', '1', '3', 'admin', '99999999', NULL, NULL, NULL, NULL, 'index_approve.jsp', 'HFCBCNSH');
